id,label
0,.8
1,1
2,درصد
3,از
4,خانوارهای
5,خراسان
6,شمالی
7,مشمول
8,دریافت
9,سبد
10,معیشتی
11,شدند.
12,نوری
13,در
14,نشست
15,با
16,اصناف
17,خراسان
18,شمالی
19,که
20,در
21,ارتباط
22,با
23,شیوع
24,ویروس
25,کرونا
26,در
27,2
28,فروردین
29,در
30,محل
31,استانداری
32,بر
33,گزار
34,شد،
35,اظهار
36,کرد:
37,از
38,یک
39,میلیون
40,خانوار
41,مو
42,جود
43,در
44,کشور
45,که
46,بسته
47,20
48,تا
49,60
50,هزار
51,تومانی
52,مشمول
53,آن
54,ها
55,شدند،
56,16
57,هزار
58,و
59,80 خانوار
60,متعلق
61,به
62,خراسان
63,شمالی
64,بوده
65,است.
66,وی
67,در
68,ارتباط
69,با
70,بیمه
71,بیکاری
72,نیز
73,بیان
74,کرد:
75,در
76,کشور
77,32
78,هزار
79,نفر
80,برای
81,دریافت
82,بیمه
83,بیکاری
84,در
85,زمان
86,شیوع
87,ویروس
88,کرونا
89,ثبت
90,نام
91,کرده
92,بودند
93,که
94,از
95,این
96,تعداد
97,سه
98,هزار
99,و
100,20
101,نفر
102,اهل
103,خراسان
104,شمالی
105,بوده
106,و
107,تاکنون
108,اطلاعات
109,اولیه
110,دو
111,هزار
112,و
113,'30 نفر
114,تایید
115,شده
116,است.
117,نوری
118,افزود:
119,متاسفانه
120,در
121,حوزه
122,اصناف
123,تعدادی
124,از
125,کار
126,گران،
127,بیمه
128,نیستند
129,و
130,مشمول
131,قانون
132,تامین
133,اجتماعی
134,نمی
135,شوند،
136,اما
137,هر
138,صنفی
139,که
140,کار
141,گر
142,بیمه
143,شده
144,داشته
145,باشد
146,برای
147,پرداخت
148,بیمه
149,بیکاری
150,مورد
151,پذیرش
152,قرار
153,می
154,گیرد.
155,وی
156,ادامه
157,داد:
158,علاوه
159,بر
160,آن
161,اعلام
162,شده
163,که
164,حق
165,بیمه
166,اسفند،
167,فروردین
168,و
169,اردیبهشت
170,نیاز
171,به
172,پرداخت
173,نیست
174,و
175,کارفرما
176,می
177,تواند
178,این
179,حق
180,بیمه
181,را
182,تا
183,پایان
184,سال
185,پرداخت
186,کند.
187,1
188,طرح
189,تعاونی
190,در
191,اردبیل
192,افتتاح
193,شد/راه
194,اندازی
195,شر
196,کت
197,تعاونی
198,پوشاک
199,عرفان
200,در
201,رضی
202,در
203,این
204,مراسم
205,که
206,19
207,شهریور
208,با
209,حضور
210,معاون
211,اول
212,رئیس
213,جمهور
214,و
215,مسئولان
216,کشوری
217,و
218,استانی
219,در
220,ناحیه
221,صنعتی
222,رضی
223,و
224,مجتمع
225,پوشاک
226,عرفان
227,بر
228,گزار
229,شد،
230,مدیر
231,کل
232,تعاون،
233,کار
234,و
235,رفاه
236,اجتماعی
237,استان
238,اردبیل
239,اظهار
240,کرد:
241,امروز
242,و
243,همزمان
244,با
245,هفته
246,تعاون
247,1
248,طرح
249,تعاونی
250,به
251,ارزش
252,280
253,میلیارد
254,تومان
255,در
256,اردبیل
257,به
258,بهره
259,برداری
260,می
261,رسد.
262,قاسم
263,رحیمی
264,خاطرنشان
265,کرد:
266,راه
267,اندازی
268,این
269,طرح
270,ها
271,و شر
272,کت
273,های
274,تعاونی
275,زمینه
276,اشتغال
277,'377 نفر فراهم
278,آمده
279,تا
280,این
281,مجموعه
282,ها
283,فعالیت
284,های
285,خود
286,را آغاز
287,کنند.
288,وی
289,ادامه
290,داد:
291,این
292,مراسم
293,به
294,صورت
295,ملی
296,و
297,با
298,حضور
299,معاون
300,اول
301,رئیس
302,جمهور
303,و
304,وزیر
305,تعاون،
306,کار
307,و
308,رفاه
309,اجتماعی
310,بر
311,گزار
312,می
313,شود
314,تا
315,شاهد
316,افتتاح
317,و بهره
318,برداری
319,از مجموعه
320,های
321,تولیدی
322,در بخش
323,تعاون
324,باشیم.
325,مدیر
326,کل
327,تعاون،
328,کار
329,و رفاه
330,اجتماعی
331,استان
332,اردبیل
333,بخش
334,تعاون
335,را
336,یکی
337,از
338,مهمترین
339,بخش
340,های
341,اقتصادی
342,کشور
343,برشمرد
344,و
345,گفت:
346,در
347,کنار
348,بخش
349,دولتی
350,خصوصی
351,بخش
352,تعاون
353,مورد
354,حمایت
355,جدی
356,دولت
357,قرار
358,گرفته
359,و در
360,سال
361,های
362,اخیر
363,تلاش
364,بر
365,این
366,بوده
367,تا
368,مجموعه
369,های
370,تعاونی
371,در
372,نقاط
373,مختلف
374,استان
375,و
376,در
377,رسته
378,های
379,مختلف
380,فعالیت
381,خود
382,را
383,آغاز
384,کنند.
385,وی
386,به
387,بهره
388,برداری
389,فاز
390,اول
391,شر
392,کت
393,تعاونی
394,پوشاک
395,عرفان
396,ارشق
397,در
398,ناحیه
399,صنعتی
400,رضی
401,اشاره
402,کرد
403,و
404,افزود:
405,این
406,مجموعه
407,در بخش
408,صنعتی
409,و
410,در رسته
411,تولید
412,پوشاک
413,فعالیت
414,می
415,کنند
416,و
417,از
418,محل
419,اشتغال
420,روستایی
421,و
422,عشایری
423,بیش
424,از
425,40
426,هزار
427,میلیارد
428,ریال
429,تسهیلات
430,به
431,این
432,مجموعه
433,پرداخت
434,شده
435,است.
436,رحیمی
437,بیان
438,کرد:
439,کل
440,سرمایه
441,گذاری
442,انجام
443,شده
444,در
445,این
446,مجموعه
447,تعاونی
448,که
449,به
450,صورت
451,نمادین
452,افتتاح
453,می
454,شود،
455,140
456,هزار
457,میلیارد
458,ریال
459,است
460,که
461,فرصت
462,اشتغال
463,150
464,نفر
465,در
466,فاز
467,اول
468,و
469,در
470,ناحیه
471,صنعتی
472,شهید
473,همرنگ
474,رضی
475,در
476,قالب
477,این
478,مجموعه
479,تعاونی
480,فراهم
481,آمده
482,است.
483,1
484,پروژه
485,پژوهشی
486,تقاضا
487,محور
488,داریم/
489,این
490,میزان
491,کافی
492,نیست
493,دکتر
494,فرزاد
495,ویسی
496,در
497,نشستی
498,خبری
499,که
500,امروز
501,(19
502,آذر)
503,در
504,آستانه
505,هفته
506,پژوهش
507,بر
508,گزار
509,شد،
510,پژوهش
511,و
512,فناوری
513,را
514,اساس
515,توسعه
516,و
517,معیاری
518,برای
519,توسعه
520,یافتگی
521,هر
522,کشور
523,دانست
524,و
525,اظهار
526,کرد:
527,امروزه
528,بر
529,خلاف
530,گذشته
531,میزان
532,اقتدار
533,هر
534,کشور
535,بستگی
536,به
537,میزان
538,تولیدات
539,علمی
540,و
541,پژوهشی
542,است
543,که
544,در
545,آن
546,کشور
547,انجام
548,می
549,گیرد.
550,وی
551,با
552,اشاره
553,به
554,نامگذاری
555,هفته
556,پژوهش
557,امسال
558,به
559,عنوان
560,پژوهش
561,و
562,فناوری
563,در
564,خدمت
565,جهش
566,تولید،
567,گفت:
568,قطعا
569,جهش
570,تولید
571,بدون
572,انجام
573,پژوهش
574,و
575,فناوری
576,امکانپذیر
577,نیست
578,و
579,این
580,بستر
581,در
582,کشور
583,و
584,استان
585,ما
586,با تو
587,جه
588,به
589,حجم
590,قابل
591,توجه
592,تولیدات
593,علمی
594,و
595,پژوهشی
596,کاملا
597,فراهم
598,است.
599,معاون
600,پژوهشی
601,دانشگاه
602,رازی
603,اعلام
604,کرد:
605,براساس
606,معیارهای
607,جهانی
608,رتبه
609,بندی،
610,ایران
611,از نظر پژوهش
612,و
613,تولید
614,علمی
615,در رتبه
616,های
617,14
618,تا
619,16
620,جهانی
621,قرار
622,دارد
623,که
624,جایگاهی
625,افتخار آمیز
626,است،
627,اما
628,متاسفانه
629,از
630,سوی
631,دیگر
632,می
633,بینیم
634,که
635,علیرغم
636,آمار
637,بالای
638,پژوهش
639,و
640,تولید
641,علمی
642,در
643,بر
644,خی
645,دیگر
646,از
647,شاخص
648,ها
649,همچون
650,توسعه
651,اقتصادی،
652,فضای
653,کسب
654,و
655,کار
656,و
657,اشتغال
658,و...
659,جایگاه
660,خوبی
661,نداریم.
662,وی
663,اضافه
664,کرد:
665,به
666,نظر
667,می
668,رسد
669,با
670,وجود
671,این
672,توانایی
673,های
674,علمی
675,و
676,پژوهشی
677,به
678,اندازه
679,کافی
680,آنها
681,را
682,در
683,حل
684,مشکلات
685,و
686,توسعه
687,اقتصاد
688,کشور
689,و
690,به
691,تبع
692,استان
693,خود
694,بکار
695,نگرفته
696,ایم.
697,ویسی
698,اعلام
699,کرد:
700,البته
701,در
702,گذشته
703,بخشی
704,از
705,پژوهش
706,هایی
707,که
708,در
709,دانشگاه
710,ها
711,شکل
712,می
713,گرفت
714,کاربردی،
715,هدفمند
716,و
717,تقاضا
718,محور نبود
719,که
720,به
721,تدریج
722,چنین
723,ادبیاتی
724,در دانشگاه
725,ها
726,رایج
727,شد
728,تا
729,پژوهش
730,ها
731,رافع
732,مشکلات
733,استان
734,شوند.
735,وی
736,اعلام
737,کرد:
738,هر
739,چند
740,آموزش
741,عالی
742,درحال
743,سوق
744,یافتن
745,به
746,سمتی
747,است
748,که
749,پژوهش
750,هایش
751,را
752,در
753,جهت
754,رفع
755,مشکلات
756,استان
757,حر
758,کت
759,دهد،
760,اما
761,از سوی
762,دیگر دستگاه
763,های
764,اجرایی
765,هم
766,باید
767,تقاضاهای
768,خود
769,را
770,به
771,دانشگاه
772,ها
773,اعلام
774,کنند.
775,یعنی
776,همانطوری
777,که
778,دانشگاه
779,آماده
780,عرضه
781,است،
782,تقاضا
783,هم
784,باید
785,برای
786,این
787,عرضه
788,وجود
789,داشته
790,باشد
791,تا
792,نتایج
793,مثمرثمری
794,را
795,از
796,آن
797,ببینیم.
798,معاون
799,پژوهش
800,و
801,فناوری
802,دانشگاه
803,رازی
804,به
805,وضعیت
806,این
807,دانشگاه
808,هم
809,در
810,عرصه
811,پژوهش
812,و
813,تولیدات
814,علمی
815,اشاره
816,کرد
817,و
818,گفت:
819,در
820,حال
821,حاضر
822,دانشگاه
823,رازی
824,بین
825,دانشگاه
826,های
827,جامع
828,کشور
829,در
830,رتبه
831,دهم
832,و
833,یازدهم
834,قرار
835,دارد
836,که
837,حاکی
838,از
839,عملکرد
840,خوب
841,این
842,دانشگاه
843,درحوزه
844,پژوهش
845,است،
846,اما
847,از دیگر
848,سو
849,می
850,بینیم
851,که
852,استان
853,ما
854,در
855,شاخص
856,هایی
857,مانند
858,توسعه،
859,اشتغال
860,و
861,...
862,وضعیت
863,خوبی
864,ندارد
865,که
866,نشان
867,می
868,دهد
869,دستگاه
870,های
871,اجرایی
872,هنوز
873,به
874,این
875,اعتقاد
876,و
877,باور
878,نرسیده
879,اند
880,که
881,برای
882,رفع
883,مشکلات
884,باید
885,مدیریت
886,علمی
887,داشته
888,باشند
889,و
890,از
891,دانشگاه
892,ها
893,کمک
894,بخواهند.
895,وی
896,یادآور
897,شد:
898,با
899,وجود
900,اینکه
901,درحال
902,حاضر
903,دانشگاه
904,رازی
905,حدود
906,1
907,قرارداد
908,پژوهشی
909,با
910,دستگاه
911,های
912,اجرایی
913,مختلف
914,دارد،
915,اما
916,معتقدیم
917,این
918,آمار
919,ضعیف
920,است
921,و
922,باید
923,افزایش
924,پیدا
925,کند.
926,ویسی
927,کمبود
928,اعتبارات
929,پژوهشی
930,را
931,از
932,علل
933,مهم
934,کم
935,تو
936,جهی
937,به
938,پژوهش
939,ها
940,و
941,تولیدات
942,علمی
943,دانست
944,و
945,افزود:
946,در
947,کشورهای
948,پیشرفته
949,حدود
950,دو
951,تا
952,چهار
953,درصد
954,از
955,درآمد
956,ناخالص
957,کشور
958,را
959,به
960,پژوهش
961,اختصاص
962,می
963,دهند،
964,این
965,درحالی
966,است
967,که
968,این
969,رقم
970,در
971,کشور
972,ما
973,حدود
974,نیم
975,درصد
976,است
977,و این
978,نیم
979,درصد
980,هم
981,بیشتر بصورت
982,ملی
983,صرف
984,می
985,شود
986,و
987,سهم
988,دانشگاه
989,های
990,شهرستانی
991,از
992,آن
993,بسیار
994,محدود
995,است.
996,معاون
997,پژوهش
998,و
999,فناوری
1000,دانشگاه
1001,رازی
1002,کرمانشاه
1003,در ادامه
1004,با
1005,بیان
1006,اینکه
1007,طی
1008,پنج
1009,سال
1010,گذشته
1011,پنج
1012,هزار پایانه
1013,در این
1014,دانشگاه
1015,تولید
1016,شده،
1017,اعلام
1018,کرد:
1019,تنها
1020,1
1021,درصد
1022,از این
1023,پایان
1024,نامه
1025,ها
1026,به
1027,مسائل
1028,مربوط
1029,به
1030,استان
1031,پرداخته
1032,که
1033,البته
1034,تا
1035,حدودی
1036,طبیعی
1037,است،
1038,چرا
1039,که
1040,دانشگاه
1041,ها
1042,کار
1043,کردی
1044,ملی
1045,و
1046,حتی
1047,فراملی
1048,هم
1049,دارند
1050,و
1051,به
1052,همه
1053,مسائل
1054,تو
1055,جه
1056,می
1057,کنند.
1058,1
1059,1
1060,دکل
1061,مخابراتی
1062,در
1063,شهرستان
1064,های
1065,کرمان
1066,و
1067,راور
1068,عملیاتی
1069,می
1070,شوند
1071,به
1072,گزارش
1073,ایسنا،
1074,سئوال
1075,دکتر
1076,پورابراهیمی
1077,نماینده
1078,مردم
1079,کرمان
1080,و
1081,راور
1082,در
1083,مجلس
1084,شورای
1085,اسلامی
1086,از
1087,وضعیت
1088,نامناسب
1089,سیستم
1090,ارتباطی
1091,و
1092,تلفن
1093,ثابت
1094,و
1095,همراه
1096,در
1097,حوزه
1098,شهرستان
1099,های
1100,کرمان
1101,و
1102,راور
1103,در
1104,دستور
1105,کار
1106,کمیسیون
1107,صنایع
1108,مجلس
1109,شورای
1110,اسلامی
1111,قرار
1112,گرفت
1113,و
1114,پیرو
1115,این
1116,سئوال،
1117,نشست
1118,مشتر
1119,کی
1120,با
1121,حضور
1122,وزیر
1123,ارتباطات
1124,و فناوری
1125,اطلاعات،
1126,دکتر
1127,پورابراهیمی
1128,و
1129,مدیران
1130,کل
1131,ارتباطات
1132,فناوری
1133,اطلاعات
1134,و مدیر
1135,کل
1136,مخابرات
1137,استان
1138,کرمان
1139,معاونان
1140,پارلمانی
1141,و
1142,تخصصی
1143,وزیر و با
1144,هدف
1145,بررسی
1146,آخرین
1147,وضعیت
1148,ارتباطات
1149,در
1150,کرمان
1151,و راور بر
1152,گزار شد.
1153,دکترمحمدرضا
1154,پورابراهیمی
1155,در این
1156,نشست
1157,ضمن
1158,اعتراض
1159,به
1160,وضعیت
1161,نامناسب
1162,ارتباطات
1163,در
1164,شهرستان
1165,های
1166,کرمان
1167,و
1168,راور
1169,با
1170,تو
1171,جه
1172,به
1173,شیوع
1174,کرونا
1175,و
1176,عدم
1177,استفاده
1178,دانش
1179,آموزان،
1180,معلمان
1181,و
1182,سیستم
1183,های
1184,آموزشی
1185,از
1186,این
1187,ظرفیت
1188,گفت:
1189,نارسایی
1190,در
1191,ارتباطات
1192,بر
1193,خی
1194,مناطق
1195,و
1196,شهرهای
1197,کرمان
1198,را
1199,با
1200,مشکل
1201,جدی
1202,مواجه
1203,کرده
1204,است.
1205,وی
1206,افزود:
1207,نارسایی
1208,و
1209,ضعف
1210,های
1211,سیستم
1212,ارتباطی
1213,در
1214,شهرستان
1215,های
1216,کرمان
1217,و
1218,راور
1219,با
1220,تو
1221,جه
1222,به
1223,شرایط
1224,مو
1225,جود
1226,و
1227,شیوع
1228,ویروس
1229,مهلک
1230,کرونا
1231,چرا
1232,علی
1233,رغم
1234,بر
1235,گزاری
1236,نشست
1237,های
1238,فراوان
1239,مورد
1240,اصلاح
1241,قرار
1242,نمی
1243,گیرد؟
1244,پورابراهیمی
1245,تصریح
1246,کرد:
1247,علی
1248,رغم
1249,توافقات
1250,انجام
1251,شده
1252,طی
1253,سال
1254,های
1255,گذشته
1256,با
1257,وزیر
1258,ارتباطات
1259,و
1260,فناوری
1261,اطلاعات
1262,در
1263,زمینه
1264,وضعیت
1265,نامناسب
1266,سیستم
1267,ارتباطی
1268,در
1269,کرمان
1270,و
1271,راور،
1272,متاسفانه
1273,با
1274,وجود
1275,انجام
1276,اقدامات
1277,و
1278,پیشرفت
1279,ها
1280,در
1281,این
1282,زمینه
1283,اما
1284,توافق
1285,و
1286,تعهدات
1287,مربوط
1288,به
1289,وزارت
1290,ارتباطات
1291,به
1292,صورت
1293,کامل
1294,در
1295,این
1296,دو
1297,شهرستان
1298,اجرایی
1299,نشده
1300,است.
1301,نماینده
1302,مردم
1303,کرمان
1304,و
1305,راور
1306,در
1307,مجلس
1308,با
1309,اشاره
1310,به
1311,اینکه
1312,بخش
1313,عمده
1314,ای
1315,از
1316,تعهدات
1317,در
1318,کرمان
1319,و
1320,راور
1321,عملیاتی
1322,نشده،
1323,بیان
1324,کرد:
1325,مشکلات
1326,ارتباطی
1327,و
1328,مخابراتی
1329,در
1330,شهر
1331,ک
1332,الله
1333,آباد
1334,کرمان
1335,به
1336,قوت
1337,خود
1338,باقی
1339,است
1340,و
1341,حوزه
1342,تلفن
1343,ثابت
1344,و
1345,آنتن
1346,دهی
1347,تلفن
1348,همراه
1349,در
1350,شهرهای
1351,راین،
1352,راور،
1353,گلباف،
1354,ماهان
1355,و
1356,اختیارآباد
1357,علی
1358,رغم
1359,تعهدات
1360,انجام
1361,شده
1362,با
1363,مشکل
1364,مواجه
1365,است.
1366,وی
1367,بیان
1368,کرد:
1369,حدود
1370,20
1371,تا
1372,25
1373,درصد
1374,مراکز
1375,آموزشی
1376,کرمان
1377,در
1378,مناطق
1379,روستایی
1380,و
1381,حاشیه
1382,شهر
1383,و
1384,بخش
1385,های
1386,مختلف
1387,شهرستان
1388,کرمان
1389,و
1390,راور
1391,قرار
1392,دارند
1393,و
1394,از
1395,ظرفیت
1396,سیستم
1397,ارتباطی
1398,برای
1399,فضای
1400,آموزش
1401,مجازی
1402,محروم
1403,هستند
1404,لذا
1405,در
1406,این
1407,خصوص
1408,گلایه
1409,جدی
1410,ما
1411,از
1412,وزارت
1413,ارتباطات
1414,به
1415,قوت
1416,خود
1417,باقی
1418,است.
1419,پورابراهیمی
1420,گفت:
1421,بر
1422,اساس
1423,توافقات
1424,انجام
1425,شده
1426,مقرر
1427,شد
1428,موضوع
1429,راه
1430,اندازی
1431,1
1432,1
1433,دکل
1434,مخابراتی
1435,در
1436,بازه
1437,زمانی
1438,دو
1439,ماه
1440,آینده
1441,عملیاتی
1442,و
1443,موضوع
1444,تلفن
1445,ثابت
1446,در
1447,شهرستان
1448,راور،
1449,شهرهای
1450,ماهان،
1451,راین
1452,و اختیارآباد
1453,ظرف
1454,بازه
1455,سه
1456,ماه
1457,اجرایی
1458,شود
1459,و
1460,به
1461,بهره
1462,برداری
1463,برسد.
1464,1
1465,1
1466,نفر
1467,از
1468,طلاب
1469,حوزه‌های
1470,علمیه
1471,آذربایجان
1472,شرقی
1473,به
1474,لباس
1475,روحانیت
1476,ملبس
1477,شدند
1478,حجت
1479,الاسلام
1480,والمسلمین
1481,سید
1482,محمدعلی
1483,آل
1484,هاشم
1485,در
1486,مراسم
1487,عمامه
1488,گذاری
1489,این
1490,طلبه‌ها،
1491,وظایف
1492,آنان
1493,را
1494,سنگین
1495,برشمرد
1496,و
1497,گفت:
1498,روحانیون
1499,باید
1500,با
1501,حفظ
1502,شأن
1503,و
1504,جایگاه
1505,لباسی
1506,که
1507,بر
1508,تن
1509,دارند
1510,نسبت
1511,به
1512,شبهات
1513,مو
1514,جود
1515,در
1516,جامعه
1517,و
1518,فضای
1519,مجازی
1520,پاسخی
1521,متقن
1522,داشته
1523,باشند.
1524,وی،
1525,فقها
1526,و
1527,روحانیت
1528,را
1529,متصدی
1530,تربیت،
1531,هدایت
1532,و
1533,ارشاد
1534,مردم
1535,دانست
1536,و
1537,افزود:
1538,بدون
1539,مطالعه
1540,و
1541,معلومات،تنها
1542,ملبس‌بودن
1543,به
1544,لباس
1545,روحانیت،
1546,کافی
1547,نیست،
1548,بلکه
1549,روحانی
1550,و
1551,مبلغ
1552,باید
1553,دین‌شناس
1554,بوده،
1555,احکام
1556,الهی
1557,و
1558,معارف
1559,دین
1560,را
1561,بداند
1562,و
1563,پاسخ‌
1564,گوی
1565,شبهات
1566,باشد.
1567,وی
1568,با
1569,بیان
1570,این‌
1571,که
1572,بعد
1573,از
1574,شیوع
1575,کرونا
1576,شبهات
1577,علیه
1578,نظام،
1579,روحانیت
1580,و
1581,اسلام
1582,با
1583,اشکال
1584,دیگری
1585,در
1586,فضای
1587,مجازی
1588,افزایش
1589,یافته
1590,است،
1591,گفت:
1592,روحانیت
1593,پر
1594,چمدار
1595,نظام
1596,اسلامی
1597,بوده
1598,و
1599,انقلاب
1600,ملت
1601,ایران
1602,با
1603,همین
1604,پر
1605,چمداری
1606,به
1607,نتیجه
1608,رسیده
1609,است،
1610,از
1611,این
1612,رو
1613,دانش
1614,آمو
1615,ختگان
1616,مدارس
1617,دینی
1618,باید
1619,در
1620,این
1621,مسیر
1622,با
1623,صلابت
1624,قدم
1625,بردارند.
1626,امام
1627,جمعه
1628,تبریز
1629,با
1630,تاکید
1631,بر
1632,ضرورت
1633,خودسازی
1634,روحانیت
1635,گفت:
1636,تا
1637,زمانی
1638,که
1639,مبلغ
1640,دین
1641,خود
1642,را
1643,اصلاح
1644,نکند
1645,نمی‌تواند
1646,در
1647,راستای
1648,اصلاح
1649,جامعه
1650,حر
1651,کت
1652,موثر
1653,داشته
1654,باشد.
1655,وی
1656,با
1657,بیان
1658,این‌
1659,که
1660,خداوند
1661,متعال
1662,ناظر
1663,و
1664,مردم
1665,ارزیاب
1666,رفتارهای
1667,روحانیت
1668,هستند،
1669,گفت:
1670,رفتارها،
1671,سخنان
1672,و
1673,کردار
1674,روحانیت
1675,باید
1676,دل‌های
1677,مومنان
1678,را
1679,متو
1680,جه
1681,خداوند
1682,و
1683,ائمه
1684,معصومین
1685,کند،
1686,در
1687,غیر
1688,این
1689,صورت
1690,مبلغ
1691,دین
1692,در
1693,رسالت
1694,خود
1695,موفق
1696,عمل
1697,نکرده
1698,است.
1699,رئیس
1700,حوزه‌های
1701,علمیه
1702,استان
1703,هم
1704,در
1705,این
1706,مراسم
1707,با
1708,بیان
1709,این‌
1710,که
1711,این
1712,مراسم
1713,همه
1714,ساله
1715,همزمان
1716,با
1717,میلاد
1718,آخرین
1719,منجی
1720,عالم
1721,بشریت
1722,حضرت
1723,بقیه
1724,الله
1725,اعظم
1726,با
1727,حضور
1728,1
1729,طلبه
1730,انجام
1731,میگرفت،
1732,گفت:
1733,امسال
1734,به
1735,دلیل
1736,شیوع
1737,ویروس
1738,و
1739,تاکید
1740,بر
1741,نبود
1742,اجتماعات
1743,بزر
1744,گ
1745,این
1746,مراسم
1747,هم
1748,بر
1749,گزار
1750,نشد.
1751,حجت
1752,الاسلام
1753,احمد
1754,مطهری
1755,اصل
1756,افزود:
1757,در
1758,مناسبت‌های
1759,مختلف
1760,ملی
1761,و
1762,مذهبی
1763,طلاب
1764,واجد
1765,شرایط
1766,از
1767,همه
1768,مدارس
1769,علوم
1770,دینی
1771,استان
1772,به
1773,لباس
1774,مقدس
1775,روحانیت
1776,ملبس
1777,خواهند
1778,شد.
1779,به
1780,گزارش
1781,روابط
1782,عمومی
1783,دفتر
1784,نماینده
1785,ولی
1786,فقیه
1787,در
1788,آذربایجان
1789,شرقی،
1790,پنج
1791,نفر
1792,از
1793,طلاب
1794,مدرسه
1795,ولیعصر
1796,(عج)،
1797,یک
1798,نفر
1799,از
1800,مدرسه
1801,طالبیه
1802,و پنج
1803,نفر
1804,از
1805,مدرسه
1806,سفیران
1807,هدایت
1808,امروز
1809,به
1810,لباس
1811,روحانیت
1812,ملبس
1813,شدند.
1814,1
1815,1
1816,میلیارد
1817,تومان
1818,معوقات
1819,بانک‌ها
1820,را
1821,وصول
1822,کردیم/
1823,کاداستر
1824,سر
1825,عت
1826,می‌
1827,گیرد
1828,علی
1829,هادی
1830,چگنی
1831,در
1832,مراسم
1833,تودیع
1834,و
1835,معارفه
1836,مدیر
1837,کل
1838,ثبت
1839,اسناد
1840,و
1841,املاک
1842,استان
1843,کرمانشاه
1844,که
1845,امروز
1846,(
1847,20
1848,اردیبهشت)
1849,بر
1850,گزار
1851,شد،
1852,با
1853,بیان
1854,اینکه
1855,سازمان
1856,ثبت
1857,اسناد
1858,و
1859,املاک
1860,یک
1861,سازمان
1862,بزر
1863,گ
1864,خدمات
1865,رسان
1866,در
1867,کشور
1868,است،
1869,اظهار
1870,کرد:
1871,در
1872,این
1873,سازمان
1874,علاوه
1875,بر
1876,صدور
1877,و
1878,انتقال
1879,اسناد،
1880,خدمات
1881,مهم
1882,دیگری
1883,همچون
1884,ثبت
1885,شر
1886,کت‌ها
1887,را
1888,انجام
1889,می‌دهیم.
1890,وی
1891,به
1892,اهمیت
1893,ثبت
1894,شر
1895,کت‌ها
1896,اشاره
1897,کرد
1898,و
1899,گفت:
1900,یک
1901,شر
1902,کت
1903,زمانی
1904,می‌تواند
1905,وجاهت
1906,قانونی
1907,پیدا
1908,کند
1909,که
1910,در
1911,ثبت
1912,اسناد
1913,به
1914,ثبت
1915,رسیده
1916,باشد
1917,و
1918,پس
1919,از
1920,آن
1921,وارد
1922,فضای
1923,کسب
1924,و
1925,کار
1926,می‌شود،
1927,بنابراین
1928,باتو
1929,جه
1930,به
1931,اهمیتی
1932,که
1933,شر
1934,کت‌ها
1935,در ارتقا
1936,رتبه
1937,فضای
1938,کسب
1939,و
1940,کار
1941,کشور
1942,در
1943,دنیا
1944,دارند،
1945,تلاش
1946,می‌
1947,کنیم
1948,تا
1949,در
1950,اسرع
1951,وقت
1952,اقدامات
1953,مربوط
1954,به
1955,ثبت
1956,آنها
1957,را
1958,انجام
1959,دهیم.
1960,معاون
1961,ثبت
1962,اسناد
1963,کشور
1964,در ادامه
1965,بابیان
1966,اینکه
1967,این
1968,سازمان
1969,پایگاه
1970,ثبت
1971,اطلاعات
1972,اشخاص
1973,حقوقی
1974,در
1975,کشور
1976,است،
1977,عنوان
1978,کرد:
1979,تاکنون
1980,در
1981,سازمان
1982,ثبت
1983,اسناد
1984,کشور
1985,دو
1986,میلیون
1987,و
1988,50
1989,هزار
1990,شناسنامه
1991,اشخاص
1992,حقوقی
1993,صادر
1994,و
1995,به
1996,ثبت
1997,رسیده
1998,است.
1999,وی
2000,همچنین
2001,به
2002,عملکرد
2003,سازمان
2004,ثبت
2005,اسناد
2006,کشور
2007,در
2008,اجراییات
2009,ثبت
2010,اشاره
2011,کرد
2012,و
2013,گفت:
2014,طبق
2015,قانون
2016,برنامه
2017,ششم
2018,توسعه
2019,وظیفه
2020,اجرای
2021,تمام
2022,اسناد
2023,رسمی
2024,لازم
2025,الاجرا
2026,از
2027,قبیل
2028,چک،
2029,مهریه
2030,و اسناد
2031,رهنی
2032,در
2033,سازمان
2034,ثبت
2035,اسناد
2036,انجام
2037,می‌
2038,گیرد
2039,که
2040,برای
2041,نمونه
2042,در
2043,سال
2044,1398
2045,مبلغ
2046,یازده
2047,هزار
2048,میلیارد
2049,تومان
2050,از
2051,معوقات
2052,بانک
2053,ها
2054,را
2055,توانستیم
2056,وصول
2057,کنیم.
2058,هادی
2059,چگنی
2060,اضافه
2061,کرد:
2062,وصول
2063,این
2064,رقم
2065,از
2066,مطالبات
2067,بانک
2068,ها
2069,نشان
2070,داد
2071,که
2072,سازمان
2073,ثبت
2074,اسناد
2075,می‌تواند
2076,به
2077,اقتصاد
2078,کشور
2079,کمک
2080,کند.
2081,وی
2082,در
2083,ادامه
2084,به
2085,بر
2086,خی
2087,اقدامات
2088,مر
2089,کز
2090,مالکیت
2091,معنوی
2092,این
2093,سازمان
2094,هم
2095,اشاره‌ای
2096,کرد
2097,و
2098,گفت:
2099,در این
2100,مر
2101,کز
2102,ثبت
2103,علائم
2104,تجاری
2105,اشخاص
2106,و
2107,صاحبان
2108,حرفه،
2109,ثبت
2110,اختراعات
2111,و
2112,نشان
2113,های
2114,جغرافیایی
2115,را
2116,داریم
2117,که
2118,با
2119,ثبت
2120,آنها
2121,منطقه
2122,و
2123,یا
2124,حتی
2125,کشوری
2126,دیگر
2127,نمی‌تواند
2128,ادعای
2129,مالکیت
2130,و
2131,ثبت
2132,آنها
2133,را
2134,برای
2135,خود
2136,داشته
2137,باشد.
2138,معاون
2139,سازمان
2140,ثبت
2141,اسناد
2142,بابیان
2143,اینکه
2144,تاکنون
2145,در
2146,استان
2147,کرمانشاه
2148,فرش
2149,دستباف
2150,سنقر،
2151,گلیم
2152,هرسین
2153,و
2154,روغن
2155,کرمانشاهی
2156,به
2157,ثبت
2158,ملی
2159,رسیده‌اند،
2160,عنوان
2161,کرد:
2162,البته
2163,فرش
2164,دستباف
2165,سنقر
2166,و
2167,گلیم
2168,هرسین
2169,به
2170,ثبت
2171,بین
2172,المللی
2173,هم
2174,رسیده‌اند،
2175,اما
2176,برای
2177,روغن
2178,کرمانشاهی
2179,هنوز
2180,این
2181,اقدام
2182,صورت
2183,نگرفته
2184,که
2185,مسئولین
2186,استانی
2187,باید
2188,پیگیر
2189,آن
2190,باشند.
2191,وی
2192,بابیان
2193,اینکه
2194,کرمانشاه
2195,ظرفیت
2196,های
2197,زیاد
2198,دیگری
2199,نیز
2200,برای
2201,ثبت
2202,ملی
2203,و
2204,بین
2205,المللی
2206,دارد،
2207,تاکید
2208,کرد:
2209,نان
2210,برنجی
2211,و
2212,گیوه
2213,از
2214,جمله
2215,این
2216,ظرفیت‌ها
2217,هستند
2218,که
2219,ثبت
2220,آنها
2221,اهتمام
2222,مسئولین
2223,استانی
2224,را
2225,می‌طلبد.
2226,هادی
2227,چگنی
2228,یادآورشد:
2229,مر
2230,کز
2231,مالکیت
2232,معنوی
2233,این
2234,سازمان
2235,در
2236,کنار
2237,اقدامات
2238,ذکرشده،
2239,با
2240,دعوت
2241,از
2242,اساتیدی
2243,از
2244,خارج
2245,از
2246,کشور،
2247,برنامه
2248,های
2249,آموزشی
2250,برای
2251,بر
2252,خی
2253,از
2254,شر
2255,کت
2256,های
2257,دانش
2258,بنیان
2259,اجرا
2260,می‌
2261,کند.
2262,وی
2263,در بخش
2264,دیگری
2265,از
2266,سخنانش
2267,به
2268,اولویت
2269,های
2270,مهم
2271,پیش
2272,روی
2273,سازمان
2274,ثبت
2275,اسناد
2276,کشور
2277,در
2278,سال
2279,1399پرداخت
2280,و
2281,گفت:
2282,باتو
2283,جه
2284,به
2285,تایید
2286,طرح
2287,تحول
2288,سازمان
2289,ثبت
2290,اسناد
2291,کشور
2292,از
2293,سوی
2294,ریاست
2295,قوه
2296,قضائیه،
2297,در
2298,تلاشیم
2299,که
2300,امسال
2301,طرح
2302,کاداستر(حدنگار)
2303,را
2304,اجرایی
2305,کنیم.
2306,معاون
2307,ثبت
2308,اسناد
2309,کشور
2310,بابیان
2311,اینکه
2312,قانون
2313,کاداستر
2314,در
2315,سال
2316,1393
2317,در
2318,کشور
2319,به
2320,تصویب
2321,رسید
2322,و
2323,قرار
2324,شد
2325,که
2326,پنج
2327,ساله
2328,اجرایی
2329,شود،
2330,عنوان
2331,کرد:
2332,متاسفانه
2333,بنا
2334,به
2335,دلایلی
2336,این
2337,طرح
2338,طی
2339,پنج
2340,سال
2341,گذشته
2342,تنها
2343,20
2344,درصد
2345,پیشرفت
2346,داشته
2347,است.
2348,هادی
2349,چگنی
2350,متذ
2351,کرشد:
2352,باتو
2353,جه
2354,به
2355,اینکه
2356,درحال
2357,حاضر
2358,30
2359,درصد
2360,دعاوی
2361,مطرح
2362,شده
2363,در
2364,محاکم
2365,قضایی
2366,مربوط
2367,به
2368,اراضی
2369,و
2370,متعلقات
2371,آن
2372,است،
2373,بنابراین
2374,اجرای
2375,این
2376,طرح
2377,می‌تواند
2378,به
2379,کاهش
2380,دعاوی
2381,و جلو
2382,گیری
2383,از زمین
2384,خواری
2385,و
2386,مدیریت
2387,زمین
2388,در
2389,کشور
2390,کمک
2391,کند.
2392,وی
2393,با
2394,بیان
2395,اینکه
2396,اجرای
2397,طرح
2398,کاداستر
2399,باید
2400,در
2401,دو
2402,بخش
2403,تهیه
2404,نقشه
2405,و
2406,تثبیت
2407,انجام
2408,گیرد،
2409,عنوان
2410,کرد:
2411,در
2412,بخش
2413,تهیه
2414,نقشه
2415,حدود
2416,162
2417,میلیون
2418,هکتار
2419,زمین
2420,در
2421,کشور
2422,داریم
2423,که
2424,از
2425,این
2426,میزان
2427,139
2428,میلیون
2429,هکتار
2430,مربوط
2431,به
2432,منابع
2433,ملی
2434,و
2435,طبیعی
2436,و
2437,یک
2438,میلیون
2439,هکتار
2440,رودخانه
2441,و
2442,دریا
2443,و
2444,حریم
2445,آنها
2446,است.
2447,طبق
2448,قانون
2449,کاداستر
2450,اراضی
2451,که
2452,در
2453,مالکیت
2454,دولت
2455,قرار
2456,دارد،
2457,تهیه
2458,نقشه
2459,آن
2460,باید
2461,توسط
2462,دستگاه‌های
2463,اجرایی
2464,انجام
2465,شود.
2466,معاون
2467,ثبت
2468,اسناد
2469,کشور
2470,عنوان
2471,کرد:
2472,حدود
2473,20
2474,میلیون
2475,هکتار
2476,می‌ماند
2477,که
2478,ما
2479,باید
2480,نقشه
2481,آن
2482,را
2483,تهیه
2484,کنیم
2485,که
2486,این
2487,کار
2488,را
2489,به
2490,دو
2491,شکل
2492,می
2493,توان
2494,انجام
2495,داد،
2496,یا
2497,اینکه
2498,برون
2499,سپاری
2500,شود
2501,و
2502,یا
2503,آنکه
2504,خودمان
2505,آن
2506,را
2507,انجام
2508,دهیم.
2509,باتو
2510,جه
2511,به
2512,اینکه
2513,تعداد
2514,افراد
2515,نقشه
2516,بردار
2517,در
2518,واحدهای
2519,ثبتی
2520,زیاد
2521,نیست،
2522,برای
2523,همین
2524,بدنبال
2525,برون
2526,سپاری
2527,تهیه
2528,نقشه
2529,کاداستر
2530,هستیم
2531,و
2532,اکنون
2533,هم
2534,در
2535,چهاراستان
2536,اصفهان،
2537,آذربایجان
2538,شرقی،
2539,کردستان
2540,و
2541,فارس
2542,بصورت
2543,پایلوت
2544,آن
2545,را
2546,اجرایی
2547,می‌
2548,کنیم.
2549,وی
2550,اعلام
2551,کرد:
2552,در
2553,بخش
2554,تثبیت
2555,هم
2556,با
2557,پیگیری
2558,سازمان
2559,برنامه
2560,و
2561,بودجه
2562,رقم
2563,خوبی
2564,برای
2565,کاداستر
2566,در
2567,نظر
2568,گرفته
2569,شده
2570,تا
2571,آن
2572,را
2573,اجرایی
2574,کنیم.
2575,وی
2576,در
2577,ادامه
2578,ساماندهی
2579,وضعیت
2580,اجرا
2581,و
2582,واگذاری
2583,بخشی
2584,از
2585,فعالیت
2586,های
2587,این
2588,بخش
2589,به
2590,دفتر
2591,خانه
2592,های
2593,بخش
2594,خصوصی،
2595,تکریم
2596,ارباب
2597,رجوع
2598,و
2599,تو
2600,جه
2601,به
2602,معیشت
2603,همکاران،
2604,مبارزه
2605,با
2606,فساد
2607,اداری،
2608,برون
2609,سپاری
2610,و الکترونیکی
2611,شدن
2612,کارها
2613,و ...
2614,را
2615,از دیگر
2616,اولویت
2617,های
2618,سازمان
2619,ثبت
2620,اسناد
2621,کشور
2622,در
2623,سال
2624,1399
2625,برشمرد.
2626,120
2627,تخت
2628,به
2629,ظرفیت
2630,درمان
2631,بیماران
2632,کرونایی
2633,کرمانشاه
2634,افزوده
2635,می‌شود
2636,حسین
2637,خوش
2638,اقبال
2639,در نشست
2640,با
2641,اعضای
2642,کمیته
2643,امنیتی
2644,ستاد
2645,مدیریت
2646,کرونای
2647,استانبا
2648,تقدیر
2649,از
2650,همراهی
2651,و
2652,همکاری
2653,نیروهای
2654,مسلح
2655,با
2656,ستاد
2657,مدیریت
2658,کرونا
2659,در
2660,استان
2661,اظهار
2662,داشت:
2663,نیروهای
2664,مسلح
2665,از
2666,ابتدای
2667,شیوع
2668,بیماری
2669,کرونا
2670,در
2671,کشور
2672,و استان
2673,عاشقانه
2674,پای
2675,کار
2676,بوده
2677,اند
2678,و
2679,توقع
2680,می
2681,رود
2682,در
2683,شرایط
2684,فعلی
2685,که
2686,آمار
2687,مبتلایان
2688,بیشتر
2689,شده
2690,نیز
2691,کمک
2692,ها
2693,و
2694,همراهی
2695,خود
2696,را
2697,برای
2698,کنترل
2699,بیماری
2700,و بهبود
2701,بیماران
2702,ادامه
2703,دهند.
2704,وی
2705,با
2706,تقدیر
2707,از
2708,همدلی
2709,و
2710,همراهی
2711,نیروهای
2712,مسلح،
2713,تاکید
2714,کرد:
2715,آنچه
2716,که
2717,وجه
2718,تفاوت
2719,نیروهای
2720,مسلح
2721,در
2722,ایران
2723,اسلامی
2724,با
2725,دیگر
2726,کشورهاست،
2727,همراهی
2728,با
2729,مردم
2730,در
2731,بحران
2732,ها
2733,و
2734,حوادث
2735,است.
2736,معاون
2737,سیاسی
2738,امنیتی
2739,و
2740,اجتماعی
2741,استانداری
2742,کرمانشاه
2743,در
2744,ادامه
2745,با
2746,اشاره
2747,به
2748,دستور
2749,مقام
2750,معظم
2751,رهبری
2752,مبنی
2753,بر
2754,بکار
2755,گیری
2756,ظرفیت
2757,درمانی
2758,نیروهای
2759,مسلح
2760,برای
2761,کنترل
2762,بیماری
2763,کرونا
2764,تصریح
2765,کرد:
2766,با
2767,اعلام
2768,آمادگی
2769,نیروهای
2770,مسلح
2771,در
2772,استان
2773,کرمانشاه
2774,حداقل
2775,120
2776,تخت
2777,به
2778,ظرفیت
2779,مراکز
2780,درمانی
2781,افزوده
2782,خواهد
2783,شد.
2784,خوش
2785,اقبال
2786,افزود:
2787,در
2788,شرایطی
2789,قرار
2790,داریم
2791,که
2792,بیماری
2793,کرونا
2794,هیچ
2795,رحمی
2796,به
2797,کسی
2798,نمی
2799,کند
2800,و
2801,این
2802,توقع
2803,از
2804,مردم
2805,وجود
2806,دارد
2807,که
2808,با
2809,رعایت
2810,دستورالعمل
2811,های
2812,بهداشتی،
2813,همکاری
2814,بیشتری
2815,جهت
2816,کنترل
2817,این
2818,بیماری
2819,داشته
2820,باشند.
2821,در
2822,شبانه
2823,روز
2824,گذشته
2825,45
2826,نفر
2827,به
2828,جمع
2829,بیماران
2830,کرونایی
2831,بستری
2832,در
2833,مراکز
2834,درمانی
2835,استان
2836,اضافه
2837,شد
2838,و
2839,جمع
2840,موارد
2841,مثبت
2842,بستری
2843,از
2844,ابتدای
2845,شیوع
2846,بیماری
2847,تاکنون
2848,به
2849,1
2850,'51 نفر
2851,رسید.
2852,همچنین
2853,در
2854,24
2855,ساعت
2856,گذشته
2857,'88 مورد
2858,بیمار
2859,مثبت
2860,سرپایی
2861,نیز
2862,در
2863,استان
2864,شناسایی
2865,شد
2866,و
2867,جمع
2868,موارد
2869,سرپایی
2870,مثبت
2871,در
2872,استان
2873,به
2874,16
2875,هزار
2876,و
2877,655
2878,نفر
2879,رسید.
2880,هم
2881,اکنون
2882,555
2883,بیمار
2884,مربوط
2885,به
2886,کرونا
2887,در
2888,مراکز
2889,درمانی
2890,استان
2891,بستری
2892,هستند
2893,که
2894,بالاترین
2895,تعداد
2896,تاکنون
2897,است.
2898,تعداد
2899,موارد
2900,فوت
2901,در
2902,اثر
2903,ابتلا
2904,قطعی
2905,به
2906,ویروس
2907,کرونا
2908,هم
2909,در
2910,24
2911,ساعت
2912,گذشته
2913,در
2914,استان
2915,هفت
2916,نفر
2917,می
2918,باشد
2919,و
2920,مجموع
2921,جان
2922,باختگان
2923,در اثر
2924,ابتلا
2925,به
2926,کرونا
2927,در
2928,استان
2929,کرمانشاه
2930,از
2931,ابتدای
2932,اپیدمی
2933,تا
2934,کنون
2935,به
2936,693
2937,نفر
2938,رسیده
2939,است.
2940,13
2941,سال
2942,حبس
2943,برای
2944,رهبران
2945,حزب
2946,راست‌افراطی
2947,یونان
2948,به
2949,گزارش
2950,ایسنا،
2951,به
2952,نقل
2953,از
2954,خبر
2955,گزاری
2956,آسوشیتدپرس،
2957,ماریا
2958,لپنیوتی،
2959,قاضی
2960,مسئول
2961,این
2962,دادگاه
2963,امروز
2964,به
2965,قرائت
2966,حکم
2967,علیه
2968,نیکوس
2969,میکالولیاکوس
2970,و
2971,هفت
2972,قانونگذار
2973,سابق
2974,دیگر
2975,پرداخت.
2976,این
2977,حکم
2978,مجازات
2979,در
2980,پی
2981,یک
2982,فرآیند
2983,پنج
2984,ساله
2985,محاکمه
2986,ده‌ها
2987,تن
2988,از
2989,مقام‌های
2990,ارشد،
2991,اعضا
2992,و
2993,حامیان
2994,حزب
2995,راست
2996,افراطی
2997,سپیده‌دم
2998,طلایی
2999,مطرح
3000,می‌شود.
3001,این
3002,سازمان
3003,در دهه
3004,1980
3005,به
3006,عنوان
3007,یک
3008,گروه
3009,نئو
3010,نازی
3011,پایه‌
3012,گذاری
3013,شده
3014,و
3015,بعدا
3016,ترقی
3017,پیدا
3018,کرده
3019,و
3020,به
3021,جایگاه
3022,سومین
3023,نیروی
3024,سیاسی
3025,بزر
3026,گ
3027,یونان
3028,در
3029,زمان
3030,بحران
3031,مالی
3032,بزر
3033,گ
3034,دهه
3035,گذشته
3036,رسید.
3037,همچنین
3038,1
3039,1
3040,نماینده
3041,سابق
3042,دیگر
3043,پارلمان
3044,نیز
3045,به
3046,خاطر
3047,عضویت
3048,در
3049,یک
3050,سازمان
3051,مجرم
3052,مجازات‌های
3053,حبس
3054,بین
3055,پنج
3056,تا
3057,هفت
3058,سال
3059,زندان
3060,دریافت
3061,کردند.
3062,یکی
3063,از
3064,شر
3065,کای
3066,حزب
3067,نیز
3068,از
3069,بابت
3070,اتهام
3071,قتل
3072,پاولوس
3073,فیساس،
3074,خواننده
3075,رپ
3076,یونانی
3077,در
3078,حمله‌ای
3079,در سال
3080,13
3081,20
3082,به
3083,حبس
3084,ابد
3085,محکوم
3086,شد.
3087,قتل
3088,وی
3089,عملیات
3090,سر
3091,کوب
3092,علیه
3093,این
3094,حزب
3095,را
3096,در
3097,یونان
3098,به
3099,راه
3100,انداخت.
3101,13
3102,هزار
3103,هکتار
3104,از
3105,سامانه
3106,گرمسیری
3107,در
3108,کرمانشاه
3109,را
3110,افتتاح
3111,می
3112,کند
3113,هدایت
3114,حاتمی
3115,در
3116,گفت
3117,و
3118,گو
3119,با
3120,ایسنا،
3121,با
3122,اشاره
3123,به
3124,اجرای
3125,پروژه
3126,بزر
3127,گ
3128,سامانه
3129,گرمسیری،
3130,اظهار
3131,کرد:
3132,13
3133,هزار
3134,هکتار
3135,از سامانه
3136,گرمسیری،6
3137,پنجشنبه
3138,(23
3139,مرداد)
3140,بصورت
3141,ویدئو
3142,کنفرانس
3143,توسط
3144,رئیس
3145,جمهور
3146,افتتاح
3147,خواهد
3148,داشت
3149,و
3150,به
3151,احتمال
3152,زیاد
3153,وزیر
3154,جهاد
3155,کشاورزی
3156,و
3157,مسئولینی
3158,از
3159,وزارت
3160,نیرو را
3161,نیز
3162,به
3163,صورت
3164,حضوری
3165,در
3166,محل
3167,اجرای
3168,پروژه
3169,خواهیم
3170,داشت.
3171,وی
3172,مجموع
3173,وسعت
3174,پروژه
3175,سامانه
3176,گرمسیری
3177,را
3178,حدود
3179,34
3180,هزار
3181,هکتار
3182,اعلام
3183,کرد
3184,و
3185,ادامه
3186,داد:
3187,بنا
3188,داریم
3189,امسال
3190,و
3191,تا
3192,اوایل
3193,زمستان
3194,حدود
3195,23
3196,هزار
3197,هکتار
3198,از این
3199,پروژه
3200,را
3201,به
3202,بهره‌برداری
3203,برسانیم
3204,که
3205,هم
3206,اکنون
3207,13
3208,هزار
3209,هکتار
3210,از
3211,این
3212,میزان
3213,آماده
3214,بهره‌برداری
3215,است.
3216,معاون
3217,هماهنگی
3218,امور
3219,اقتصادی
3220,استانداری
3221,کرمانشاه
3222,از
3223,مزایای
3224,بهره‌برداری
3225,از
3226,سامانه
3227,گرمسیری
3228,یاد
3229,کرد
3230,که
3231,بخش
3232,عظیمی
3233,از
3234,مزارع
3235,کشاورزی
3236,غرب
3237,استان
3238,کرمانشاه
3239,را
3240,آبی
3241,خواهد
3242,کرد
3243,و
3244,ادامه
3245,داد:
3246,افزایش
3247,بهره‌وری،
3248,افزایش
3249,عملکرد
3250,در
3251,هر
3252,هکتار،
3253,سرمایه
3254,گذاری‌های
3255,جدیدی
3256,خصوصا
3257,در
3258,حوزه
3259,صنایع
3260,تبدیلی
3261,و
3262,صنایع
3263,بسته‌بندی،
3264,توسعه
3265,صادرات
3266,محصولات
3267,کشاورزی،
3268,تقویت
3269,گردشگری
3270,و
3271,افزایش
3272,تولیدات
3273,باغی
3274,از
3275,مهمترین
3276,مزایای
3277,اجرای
3278,سامانه
3279,گرمسیری
3280,است.
3281,حاتمی
3282,از
3283,اشتغال
3284,قابل
3285,تو
3286,جه
3287,پروژه
3288,سامانه
3289,گرمسیری
3290,هم
3291,یاد
3292,کرد
3293,و
3294,با
3295,بیان
3296,اینکه
3297,با
3298,بهره‌برداری
3299,از
3300,همه
3301,'34 هزار
3302,هکتار
3303,سامانه
3304,گرمسیری
3305,برای
3306,1
3307,هزار
3308,نفر
3309,شغل
3310,ایجاد
3311,می‌شود،
3312,افزود:
3313,در
3314,کنار
3315,ایجاد
3316,مشاغل
3317,جدید،
3318,پایدار
3319,شدن
3320,اشتغال
3321,قبلی
3322,در
3323,بخش
3324,کشاورزی
3325,را
3326,نیز
3327,خواهیم
3328,داشت.
3329,وی
3330,از
3331,سامانه
3332,گرمسیری
3333,به
3334,عنوان
3335,یکی
3336,پروژه‌های
3337,عظیم
3338,آبی
3339,کشور
3340,یاد
3341,کرد
3342,و
3343,افزود:
3344,دولت
3345,تدبیر
3346,و
3347,امید
3348,اهتمام
3349,ویژه‌ای
3350,به
3351,اجرای
3352,این
3353,پروژه
3354,داشته
3355,و
3356,طی
3357,سه
3358,سال
3359,اخیر
3360,روند
3361,اجرای
3362,سامانه
3363,گرمسیری
3364,بسیار
3365,رشد
3366,کرده
3367,است.
3368,به
3369,گفته
3370,معاون
3371,هماهنگی
3372,امور
3373,اقتصادی
3374,استانداری
3375,کرمانشاه،
3376,فقط
3377,در
3378,سال
3379,جاری
3380,و
3381,با
3382,وجود
3383,همه
3384,کمبود
3385,منابع
3386,مالی
3387,که
3388,داریم
3389,'80 میلیارد
3390,تومان
3391,برای
3392,اجرای
3393,سامانه
3394,گرمسیری
3395,بودجه
3396,تخصیص
3397,یافته
3398,است.
3399,حاتمی
3400,اظهار
3401,کرد:
3402,این
3403,پروژه
3404,آنقدر
3405,اهمیت
3406,داشت
3407,که
3408,شخص
3409,رئیس
3410,جمهور
3411,روند
3412,اجرای
3413,آن
3414,را
3415,به
3416,صورت
3417,هفتگی
3418,رصد
3419,می‌
3420,کرد.
3421,وی
3422,در
3423,ادامه
3424,با
3425,بیان
3426,اینکه
3427,قرار
3428,است
3429,امسال
3430,در
3431,استان
3432,کرمانشاه
3433,'30 هزار
3434,هکتار
3435,از
3436,اراضی
3437,کشاورزی
3438,تبدیل
3439,به
3440,اراضی
3441,آبی
3442,مدرن
3443,شوند،
3444,افزود:
3445,از این
3446,میزان
3447,23
3448,هزار
3449,هکتار در قالب
3450,سامانه
3451,گرمسیری
3452,در
3453,غرب
3454,استان
3455,و مابقی
3456,در دیگر
3457,نقاط
3458,استان
3459,دیده
3460,شده
3461,که
3462,عملکرد
3463,خوبی
3464,در
3465,حوزه
3466,آبیاری
3467,مدرن
3468,است.
3469,14
3470,قرارداد
3471,واگذاری
3472,در
3473,ناحیه
3474,صنعتی
3475,رضی
3476,آماده
3477,سرمایه
3478,گذاری
3479,است
3480,اکبر
3481,بهنامجو
3482,19
3483,شهریور
3484,در
3485,مراسم
3486,افتتح
3487,طرح‌های
3488,تعاونی
3489,در
3490,ناحیه
3491,صنعتی
3492,رضی
3493,به
3494,مناسبت
3495,هفته
3496,تعاون
3497,اظهار
3498,کرد:
3499,امروز در
3500,این
3501,شهر
3502,ک
3503,شاهد
3504,افتتاح
3505,طرح
3506,سرمایه
3507,گذاری
3508,پوشاک
3509,عرفان
3510,با
3511,سرمایه
3512,گذاری
3513,بخش
3514,خصوصی
3515,هستیم
3516,که
3517,نوید
3518,روزهای
3519,پر
3520,کار
3521,و
3522,رونق
3523,اشتغال
3524,را
3525,در
3526,این
3527,ناحیه
3528,صنعتی
3529,می‌دهد.
3530,وی
3531,با
3532,اشاره
3533,به
3534,اینکه
3535,در
3536,این
3537,واحد
3538,تولیدی
3539,تعاونی
3540,بالغ
3541,بر
3542,14
3543,میلیارد
3544,تومان
3545,سرمایه
3546,گذاری
3547,شده
3548,است،
3549,خاطرنشان
3550,کرد:
3551,در
3552,یک
3553,و
3554,نیم
3555,سال
3556,گذشته
3557,با
3558,تلاش
3559,بخش
3560,خصوصی
3561,واحد
3562,تولیدی
3563,پوشاک
3564,عرفان
3565,به
3566,بهره‌برداری
3567,رسید
3568,و
3569,در
3570,فاز
3571,اول
3572,این
3573,طرح
3574,تعاونی
3575,و
3576,تولیدی
3577,75
3578,نفر
3579,مشغول
3580,به
3581,کار
3582,شدند.
3583,استاندار اردبیل
3584,گفت:
3585,با
3586,توسعه
3587,و
3588,تکمیل
3589,ناحیه
3590,صنعتی
3591,رضی
3592,شاهد
3593,افزایش
3594,اشتغال
3595,در
3596,منطقه
3597,محرو
3598,رضی
3599,خواهیم
3600,بود
3601,که
3602,یکی
3603,از
3604,اهداف
3605,اصلی
3606,دولت
3607,تدبیر
3608,و
3609,امید
3610,خروج
3611,مناطق
3612,محروم
3613,و
3614,کمتر
3615,توسعه
3616,یافته
3617,کشور از
3618,محرومیت
3619,قطعی
3620,است.
3621,بهنامجو
3622,بیان
3623,کرد:
3624,با
3625,تلاش
3626,و
3627,همت
3628,مدیران
3629,شهر
3630,ک‌های
3631,صنعتی
3632,استان
3633,اردبیل
3634,شاهد
3635,رونق
3636,این
3637,ناحیه
3638,صنعتی
3639,با
3640,توسعه
3641,زیرساختی
3642,آن
3643,هستیم
3644,که
3645,امیدواریم
3646,با
3647,رونق
3648,این
3649,بخش
3650,بتوانیم
3651,در افزایش
3652,اشتغال
3653,در این
3654,منطقه
3655,باشیم.
3656,وی
3657,با
3658,بیان
3659,اینکه
3660,14
3661,قرارداد
3662,واگذاری
3663,در
3664,ناحیه
3665,صنعتی
3666,رضی
3667,آماده
3668,سرمایه
3669,گذاری
3670,است،
3671,گفت:
3672,امیدواریم
3673,تا
3674,سال
3675,آ
3676,ینده
3677,1
3678,واحد
3679,از این
3680,بخش‌های
3681,سرمایه
3682,گذاری
3683,را
3684,در
3685,ناحیه
3686,صنعتی
3687,رضی
3688,به
3689,بهره‌برداری
3690,برسانیم
3691,که
3692,قطعا
3693,با
3694,این
3695,روند
3696,منطقه
3697,محروم
3698,رضی
3699,نیز
3700,از
3701,توسعه
3702,متوازن
3703,بهره‌مند
3704,خواهد
3705,شد.
3706,14
3707,هزار
3708,بسته
3709,معیشتی
3710,از
3711,محل
3712,درآمد
3713,موقوفات
3714,بین
3715,نیازمندان
3716,کرمانشاه
3717,توزیع
3718,شده
3719,است
3720,حجت
3721,الاسلام
3722,محمد
3723,صالحی
3724,در
3725,نشست
3726,خبری
3727,که
3728,در
3729,آستانه
3730,دهه
3731,وقف
3732,بر
3733,گزار
3734,شد،
3735,از
3736,رزمایش
3737,کمک
3738,مومنانه
3739,به
3740,عنوان
3741,یکی
3742,از
3743,شاهکارهای
3744,مردم
3745,پس
3746,از
3747,مواجهه
3748,با
3749,بحران
3750,کرونا
3751,یاد
3752,کرد
3753,و افزود:
3754,مجموعه
3755,اوقاف
3756,کرمانشاه
3757,هم
3758,از
3759,ابتدای
3760,شیوع
3761,کرونا
3762,در
3763,حوزه
3764,اجرای
3765,رزمایش
3766,کمک
3767,مومنانه
3768,در
3769,میدان
3770,بوده
3771,و
3772,تاکنون
3773,حدود
3774,14
3775,هزار
3776,بسته
3777,معیشتی
3778,به
3779,ارزش
3780,چهار
3781,میلیارد
3782,تومان
3783,بین
3784,نیازمندان
3785,و
3786,آسیب‌دید
3787,گان
3788,از
3789,کرونا
3790,توزیع
3791,کرده
3792,که
3793,این
3794,جدای
3795,از
3796,توزیع
3797,ماسک
3798,و مواد
3799,ضدعفونی
3800,کننده
3801,است.
3802,وی
3803,با
3804,اشاره
3805,به
3806,ادامه‌دار بودن
3807,اجرای
3808,رزمایش
3809,کمک
3810,مومنانه
3811,در
3812,اوقاف
3813,کرمانشاه،
3814,گفت:
3815,در
3816,دهه
3817,وقف
3818,(24
3819,مهر
3820,تا
3821,سوم
3822,آبان)
3823,نیز
3824,اهدای
3825,150
3826,بسته
3827,معیشتی
3828,را
3829,بین
3830,نیازمندان
3831,و
3832,آسیب‌دید
3833,گان
3834,از
3835,کرونا
3836,خواهیم
3837,داشت.
3838,مدیر
3839,کل
3840,اوقاف
3841,و
3842,امور
3843,خیریه
3844,استان
3845,کرمانشاه
3846,با
3847,بیان
3848,اینکه
3849,توزیع
3850,دو
3851,هزار
3852,عدد
3853,شلوار
3854,کتان
3855,بین
3856,دانش‌آموزان
3857,مناطق
3858,بی‌بضاعت
3859,استان
3860,از
3861,محل
3862,درآمدهای
3863,موقوفه
3864,حاج
3865,محمدتقی
3866,اصفهانی
3867,هم
3868,در
3869,دهه
3870,وقف
3871,تدار
3872,ک
3873,دیده
3874,شده،
3875,گفت:
3876,همچنین
3877,در
3878,این
3879,دهه
3880,توزیع
3881,کتب
3882,مفیده
3883,را
3884,به
3885,ارزش
3886,1
3887,میلیون
3888,تومان
3889,از
3890,محل
3891,درآمدهای
3892,موقوفات
3893,استان
3894,خواهیم
3895,داشت.
3896,صالحی
3897,دیدار
3898,با
3899,نماینده
3900,ولی
3901,فقیه
3902,در
3903,استان
3904,و
3905,امام
3906,جمعه
3907,کرمانشاه،
3908,بر
3909,گزاری
3910,یازده
3911,کرسی
3912,تلاوت
3913,و
3914,ویژه‌
3915,برنامه‌هایی
3916,در
3917,بقاع
3918,متبر
3919,که
3920,استان
3921,با
3922,رعایت
3923,پروتکل‌های
3924,بهداشتی،
3925,بر
3926,گزاری
3927,نشست
3928,تخصصی
3929,وقف
3930,با
3931,حضور
3932,استاندار
3933,کرمانشاه،
3934,بر
3935,گزاری
3936,همایش
3937,یاوران
3938,وقف
3939,به
3940,صورت
3941,کشوری
3942,و
3943,از
3944,طریق
3945,ویدئو
3946,کنفرانس،
3947,اجرای
3948,طرح
3949,دستهای
3950,مهربانی،
3951,اجرای
3952,طرح
3953,مهرتندرستی
3954,با
3955,حضور
3956,پزشکان
3957,و
3958,کادر
3959,درمان
3960,در
3961,مناطق
3962,حاشیه‌نشین،
3963,برپایی
3964,ایستگاه‌های
3965,همه
3966,واقف
3967,باشیم،
3968,تجلیل
3969,از
3970,مدافعان
3971,سلامت
3972,و غبارروبی
3973,و عطرافشانی
3974,بقاع
3975,متبر
3976,که
3977,را
3978,از
3979,جمله
3980,برنامه‌های
3981,تدار
3982,ک
3983,دیده
3984,شده
3985,در
3986,دهه
3987,وقف
3988,در استان
3989,کرمانشاه
3990,برشمرد.
3991,17
3992,وقف
3993,جدید
3994,در
3995,استان
3996,کرمانشاه
3997,ثبت
3998,شده
3999,وی
4000,در
4001,ادامه
4002,با
4003,اشاره
4004,به
4005,ضرورت
4006,برنامه‌ریزی
4007,رسانه‌ها
4008,برای
4009,نهادینه
4010,کردن
4011,فرهنگ
4012,وقف
4013,در
4014,جامعه،
4015,گفت:
4016,در استان
4017,کرمانشاه
4018,رسانه‌ها
4019,ورود
4020,خوبی
4021,به
4022,این
4023,حوزه
4024,داشته‌اند
4025,که
4026,امیدواریم
4027,بتواند
4028,در
4029,افزایش
4030,آگاهی‌
4031,مردم
4032,در
4033,مورد
4034,اهمیت
4035,پرداختن
4036,به
4037,وقف
4038,اثر
4039,گذار
4040,بوده
4041,و
4042,زمینه‌ساز
4043,افزایش
4044,تعداد
4045,موقوفات
4046,استان
4047,شود.
4048,صالحی
4049,اشاره
4050,ای
4051,هم
4052,به
4053,ثبت
4054,17
4055,وقف
4056,جدید
4057,در
4058,استان
4059,کرمانشاه
4060,از
4061,ابتدای
4062,امسال
4063,تاکنون
4064,داشت
4065,و
4066,گفت:
4067,عمده
4068,این
4069,موقوفات
4070,در
4071,حوزه
4072,های
4073,قرآنی،
4074,کمک
4075,به
4076,نیازمندان،
4077,ایتام
4078,و ...
4079,بوده‌
4080,است.
4081,وی
4082,در
4083,پایان
4084,راه‌اندازی
4085,1
4086,نیرو
4087,گاه
4088,خورشیدی
4089,در
4090,بقاع
4091,متبر
4092,که
